{
  "config": {
    "base_prob": [
      [
        0.017999999225139618,
        0.2199999988079071,
        0.2199999988079071,
        0.2199999988079071,
        0.2199999988079071
      ],
      [
        0.2199999988079071,
        0.017999999225139618,
        0.2199999988079071,
        0.2199999988079071,
        0.2199999988079071
      ],
      [
        0.2199999988079071,
        0.2199999988079071,
        0.017999999225139618,
        0.2199999988079071,
        0.2199999988079071
      ],
      [
        0.2199999988079071,
        0.2199999988079071,
        0.2199999988079071,
        0.017999999225139618,
        0.2199999988079071
      ],
      [
        0.2199999988079071,
        0.2199999988079071,
        0.2199999988079071,
        0.2199999988079071,
        0.017999999225139618
      ]
    ],
    "chunk_size": 256,
    "cross_gamma": 0.025,
    "cross_p0": 0.22,
    "dataset": "iter01",
    "feat_dim": 32,
    "feature_noise_max": 2.0,
    "feature_noise_min": 1.2,
    "feature_scale": 0.55,
    "gamma": [
      [
        0.9399999976158142,
        0.02500000037252903,
        0.02500000037252903,
        0.02500000037252903,
        0.02500000037252903
      ],
      [
        0.02500000037252903,
        0.9399999976158142,
        0.02500000037252903,
        0.02500000037252903,
        0.02500000037252903
      ],
      [
        0.02500000037252903,
        0.02500000037252903,
        0.9399999976158142,
        0.02500000037252903,
        0.02500000037252903
      ],
      [
        0.02500000037252903,
        0.02500000037252903,
        0.02500000037252903,
        0.9399999976158142,
        0.02500000037252903
      ],
      [
        0.02500000037252903,
        0.02500000037252903,
        0.02500000037252903,
        0.02500000037252903,
        0.9399999976158142
      ]
    ],
    "num_classes": 5,
    "num_nodes": 3000,
    "num_times": 12,
    "out_dir": "data_tsbm",
    "same_gamma": 0.94,
    "same_p0": 0.018,
    "seed": 0,
    "test_times": "",
    "test_times_resolved": [
      9,
      10,
      11
    ],
    "train_times": "",
    "train_times_resolved": [
      0,
      1,
      2,
      3,
      4,
      5,
      6
    ],
    "val_times": "",
    "val_times_resolved": [
      7,
      8
    ]
  },
  "stats": {
    "avg_in_degree": 54.42533493041992,
    "feat_dim": 32,
    "label_time_table": [
      [
        58,
        47,
        43,
        50,
        52
      ],
      [
        46,
        58,
        49,
        47,
        50
      ],
      [
        59,
        52,
        53,
        35,
        51
      ],
      [
        54,
        48,
        42,
        55,
        51
      ],
      [
        44,
        44,
        62,
        47,
        53
      ],
      [
        48,
        39,
        49,
        57,
        57
      ],
      [
        36,
        63,
        48,
        54,
        49
      ],
      [
        42,
        38,
        60,
        59,
        51
      ],
      [
        51,
        51,
        49,
        56,
        43
      ],
      [
        51,
        69,
        34,
        55,
        41
      ],
      [
        45,
        58,
        49,
        43,
        55
      ],
      [
        59,
        51,
        45,
        52,
        43
      ]
    ],
    "max_in_degree": 77.0,
    "mean_abs_time_delta": 0.5885372161865234,
    "min_in_degree": 32.0,
    "num_classes": 5,
    "num_edges": 163276,
    "num_nodes": 3000,
    "num_times": 12,
    "same_label_edge_fraction": 0.15746955573558807,
    "same_time_edge_fraction": 0.8214802145957947,
    "test_nodes": 750,
    "train_nodes": 1750,
    "val_nodes": 500
  }
}